{"cameraMode":{"drawMode":0,"name":"Shaded","section":"Shading Mode"},"sceneLighting":true,"audioPlay":false,"sceneViewState":{"m_AlwaysRefresh":false,"showFog":true,"showSkybox":true,"showFlares":true,"showImageEffects":true,"showParticleSystems":true,"showVisualEffectGraphs":true,"m_FxEnabled":true},"in2DMode":false,"pivot":{"x":486.40484619140627,"y":-517.452392578125,"z":1502.6593017578125},"rotation":{"x":-0.25083208084106448,"y":0.01453840546309948,"z":-0.0037756578531116249,"w":-0.968143105506897},"size":1148.386474609375,"orthographic":false}