{"cameraMode":{"drawMode":0,"name":"Shaded","section":"Shading Mode"},"sceneLighting":true,"audioPlay":false,"sceneViewState":{"m_AlwaysRefresh":false,"showFog":true,"showSkybox":true,"showFlares":true,"showImageEffects":true,"showParticleSystems":true,"showVisualEffectGraphs":true,"m_FxEnabled":true},"in2DMode":false,"pivot":{"x":663.4441528320313,"y":484.94488525390627,"z":372.0486145019531},"rotation":{"x":-0.012307148426771164,"y":0.018594173714518548,"z":-0.0002305690140929073,"w":-0.999748945236206},"size":720.3612060546875,"orthographic":false}